{
  "$schema": "https://raw.githubusercontent.com/spdx/spdx-spec/v2.2.1/schemas/spdx-schema.json",
  "spdxVersion": "SPDX-2.2",
  "dataLicense": "CC0-1.0",
  "SPDXID": "SPDXRef-DOCUMENT",
  "documentNamespace": "https://spdx.org/spdxdocs/zlib-x86-windows-1.2.11#9-1b749153-fc3c-4be4-9a87-ec8031a61c4a",
  "name": "zlib:x86-windows@1.2.11#9 4d8bd3c3ad3a2b02716b616e75b28d413555ed147dbfbf1c8bf70390a045ca09",
  "creationInfo": {
    "creators": [
      "Tool: vcpkg-2024-08-01-fd884a0d390d12783076341bd43d77c3a6a15658"
    ],
    "created": "2024-08-30T06:11:58Z"
  },
  "relationships": [
    {
      "spdxElementId": "SPDXRef-port",
      "relationshipType": "GENERATES",
      "relatedSpdxElement": "SPDXRef-binary"
    },
    {
      "spdxElementId": "SPDXRef-port",
      "relationshipType": "CONTAINS",
      "relatedSpdxElement": "SPDXRef-file-0"
    },
    {
      "spdxElementId": "SPDXRef-port",
      "relationshipType": "CONTAINS",
      "relatedSpdxElement": "SPDXRef-file-1"
    },
    {
      "spdxElementId": "SPDXRef-port",
      "relationshipType": "CONTAINS",
      "relatedSpdxElement": "SPDXRef-file-2"
    },
    {
      "spdxElementId": "SPDXRef-port",
      "relationshipType": "CONTAINS",
      "relatedSpdxElement": "SPDXRef-file-3"
    },
    {
      "spdxElementId": "SPDXRef-port",
      "relationshipType": "CONTAINS",
      "relatedSpdxElement": "SPDXRef-file-4"
    },
    {
      "spdxElementId": "SPDXRef-port",
      "relationshipType": "CONTAINS",
      "relatedSpdxElement": "SPDXRef-file-5"
    },
    {
      "spdxElementId": "SPDXRef-port",
      "relationshipType": "CONTAINS",
      "relatedSpdxElement": "SPDXRef-file-6"
    },
    {
      "spdxElementId": "SPDXRef-binary",
      "relationshipType": "GENERATED_FROM",
      "relatedSpdxElement": "SPDXRef-port"
    },
    {
      "spdxElementId": "SPDXRef-file-0",
      "relationshipType": "CONTAINED_BY",
      "relatedSpdxElement": "SPDXRef-port"
    },
    {
      "spdxElementId": "SPDXRef-file-1",
      "relationshipType": "CONTAINED_BY",
      "relatedSpdxElement": "SPDXRef-port"
    },
    {
      "spdxElementId": "SPDXRef-file-2",
      "relationshipType": "CONTAINED_BY",
      "relatedSpdxElement": "SPDXRef-port"
    },
    {
      "spdxElementId": "SPDXRef-file-3",
      "relationshipType": "CONTAINED_BY",
      "relatedSpdxElement": "SPDXRef-port"
    },
    {
      "spdxElementId": "SPDXRef-file-4",
      "relationshipType": "CONTAINED_BY",
      "relatedSpdxElement": "SPDXRef-port"
    },
    {
      "spdxElementId": "SPDXRef-file-5",
      "relationshipType": "CONTAINED_BY",
      "relatedSpdxElement": "SPDXRef-port"
    },
    {
      "spdxElementId": "SPDXRef-file-6",
      "relationshipType": "CONTAINED_BY",
      "relatedSpdxElement": "SPDXRef-port"
    }
  ],
  "packages": [
    {
      "name": "zlib",
      "SPDXID": "SPDXRef-port",
      "versionInfo": "1.2.11#9",
      "downloadLocation": "git+https://github.com/Microsoft/vcpkg@827111046e37c98153d9d82bb6fa4183b6d728e4",
      "homepage": "https://www.zlib.net/",
      "licenseConcluded": "NOASSERTION",
      "licenseDeclared": "NOASSERTION",
      "copyrightText": "NOASSERTION",
      "description": "A compression library",
      "comment": "This is the port (recipe) consumed by vcpkg."
    },
    {
      "name": "zlib:x86-windows",
      "SPDXID": "SPDXRef-binary",
      "versionInfo": "4d8bd3c3ad3a2b02716b616e75b28d413555ed147dbfbf1c8bf70390a045ca09",
      "downloadLocation": "NONE",
      "licenseConcluded": "NOASSERTION",
      "licenseDeclared": "NOASSERTION",
      "copyrightText": "NOASSERTION",
      "comment": "This is a binary package built by vcpkg."
    },
    {
      "SPDXID": "SPDXRef-resource-1",
      "name": "zlib1211.tar.gz",
      "packageFileName": "zlib1211.tar.gz",
      "downloadLocation": "http://www.zlib.net/zlib-${VERSION}.tar.gz",
      "licenseConcluded": "NOASSERTION",
      "licenseDeclared": "NOASSERTION",
      "copyrightText": "NOASSERTION",
      "checksums": [
        {
          "algorithm": "SHA512",
          "checksumValue": "73fd3fff4adeccd4894084c15ddac89890cd10ef105dd5e1835e1e9bbb6a49ff229713bd197d203edfa17c2727700fce65a2a235f07568212d820dca88b528ae"
        }
      ]
    }
  ],
  "files": [
    {
      "fileName": "./C:/Users/Administrator/vcpkg/buildtrees/versioning_/versions/zlib/827111046e37c98153d9d82bb6fa4183b6d728e4/0001-Prevent-invalid-inclusions-when-HAVE_-is-set-to-0.patch",
      "SPDXID": "SPDXRef-file-0",
      "checksums": [
        {
          "algorithm": "SHA256",
          "checksumValue": "750b9542cb55e6328cca01d3ca997f1373b9530afa95e04213168676936e7bfa"
        }
      ],
      "licenseConcluded": "NOASSERTION",
      "copyrightText": "NOASSERTION"
    },
    {
      "fileName": "./C:/Users/Administrator/vcpkg/buildtrees/versioning_/versions/zlib/827111046e37c98153d9d82bb6fa4183b6d728e4/add_debug_postfix_on_mingw.patch",
      "SPDXID": "SPDXRef-file-1",
      "checksums": [
        {
          "algorithm": "SHA256",
          "checksumValue": "7afeb9e6755857bc3256a072d6b091ab9330d926460127cf67b733acb2c228bb"
        }
      ],
      "licenseConcluded": "NOASSERTION",
      "copyrightText": "NOASSERTION"
    },
    {
      "fileName": "./C:/Users/Administrator/vcpkg/buildtrees/versioning_/versions/zlib/827111046e37c98153d9d82bb6fa4183b6d728e4/cmake_dont_build_more_than_needed.patch",
      "SPDXID": "SPDXRef-file-2",
      "checksums": [
        {
          "algorithm": "SHA256",
          "checksumValue": "a51534a0a26593b305b209c87ccfc5ba38d3d35370deeda10dcfc407f12ca3af"
        }
      ],
      "licenseConcluded": "NOASSERTION",
      "copyrightText": "NOASSERTION"
    },
    {
      "fileName": "./C:/Users/Administrator/vcpkg/buildtrees/versioning_/versions/zlib/827111046e37c98153d9d82bb6fa4183b6d728e4/CONTROL",
      "SPDXID": "SPDXRef-file-3",
      "checksums": [
        {
          "algorithm": "SHA256",
          "checksumValue": "b6f1444b7765357c2a151ece1945e13c0c6cb3742ace6efb8e400f840fb2eb63"
        }
      ],
      "licenseConcluded": "NOASSERTION",
      "copyrightText": "NOASSERTION"
    },
    {
      "fileName": "./C:/Users/Administrator/vcpkg/buildtrees/versioning_/versions/zlib/827111046e37c98153d9d82bb6fa4183b6d728e4/LICENSE",
      "SPDXID": "SPDXRef-file-4",
      "checksums": [
        {
          "algorithm": "SHA256",
          "checksumValue": "f3fe5dce7d085439fff8b62001aabea5fc396b49c9c7a44fd1b3a939fb3a7199"
        }
      ],
      "licenseConcluded": "NOASSERTION",
      "copyrightText": "NOASSERTION"
    },
    {
      "fileName": "./C:/Users/Administrator/vcpkg/buildtrees/versioning_/versions/zlib/827111046e37c98153d9d82bb6fa4183b6d728e4/portfile.cmake",
      "SPDXID": "SPDXRef-file-5",
      "checksums": [
        {
          "algorithm": "SHA256",
          "checksumValue": "f8ea5d96d442dc34a7955f0984bea37a201974ac19bfbe66c221184de51590f2"
        }
      ],
      "licenseConcluded": "NOASSERTION",
      "copyrightText": "NOASSERTION"
    },
    {
      "fileName": "./C:/Users/Administrator/vcpkg/buildtrees/versioning_/versions/zlib/827111046e37c98153d9d82bb6fa4183b6d728e4/usage",
      "SPDXID": "SPDXRef-file-6",
      "checksums": [
        {
          "algorithm": "SHA256",
          "checksumValue": "be22662327df993eebc437495add75acb365ab18d37c7e5de735d4ea4f5d3083"
        }
      ],
      "licenseConcluded": "NOASSERTION",
      "copyrightText": "NOASSERTION"
    }
  ]
}
